Show Title,Episode Name,Episode URL
Bachelor in Paradise,Skip to main content,#main
Bachelor in Paradise,Home,https://bachelornation.com/
Bachelor in Paradise,All News,https://bachelornation.com/news/
Bachelor in Paradise,Bachelor Insider,https://bachelornation.com/bachelor-insider/
Bachelor in Paradise,Cocktail Party,https://bachelornation.com/cocktail-party/
Bachelor in Paradise,Hometowns,https://bachelornation.com/hometowns/
Bachelor in Paradise,Pillow Talk,https://bachelornation.com/pillow-talk/
Bachelor in Paradise,Rose Ceremony Ready,https://bachelornation.com/rose-ceremony-ready/
Bachelor in Paradise,The Bachelor,https://bachelornation.com/shows/the-bachelor/
Bachelor in Paradise,The Bachelorette,https://bachelornation.com/shows/the-bachelorette/
Bachelor in Paradise,Bachelor in Paradise,https://bachelornation.com/shows/bachelor-in-paradise/
Bachelor in Paradise,The Golden Bachelor,https://bachelornation.com/shows/the-golden-bachelor/season-1/
Bachelor in Paradise,The Golden Bachelorette,https://bachelornation.com/shows/the-golden-bachelorette/season-1/
Bachelor in Paradise,Bachelor Pad,https://bachelornation.com/shows/bachelor-pad/
Bachelor in Paradise,The Bachelor Listen to Your Heart,https://bachelornation.com/shows/the-bachelor-listen-to-your-heart/season-1/
Bachelor in Paradise,The Bachelor Winter Games,https://bachelornation.com/shows/the-bachelor-winter-games/season-1/
Bachelor in Paradise,Photos,https://bachelornation.com/photos/
Bachelor in Paradise,Videos,https://bachelornation.com/videos/
Bachelor in Paradise,Bachelor Happy Hour,/pages/bachelorhappyhour/
Bachelor in Paradise,Golden Hour,/pages/bachelor-happy-hours-golden-hour/
Bachelor in Paradise,Travel,/travel/
Bachelor in Paradise,Audience,/audience/
Bachelor in Paradise,The Bachelor,/bachelorcasting/
Bachelor in Paradise,The Golden Bachelor,/goldenbachelorcasting/
Bachelor in Paradise,Facebook,https://www.facebook.com/BachelorNation
Bachelor in Paradise,Instagram,https://www.instagram.com/BachelorNation
Bachelor in Paradise,Spotify,https://open.spotify.com/user/picvtjxtbr4oryw14ztq3a2ez
Bachelor in Paradise,,https://www.threads.net/@bachelornation
Bachelor in Paradise,TikTok,https://www.tiktok.com/@bachelornation
Bachelor in Paradise,Twitter,https://twitter.com/BachNation
Bachelor in Paradise,YouTube,https://www.youtube.com/BachelorNation
Bachelor in Paradise,,https://bachelornation.com/
Bachelor in Paradise,,https://www.facebook.com/BachelorNation
Bachelor in Paradise,,https://www.instagram.com/BachelorNation
Bachelor in Paradise,,https://open.spotify.com/user/picvtjxtbr4oryw14ztq3a2ez
Bachelor in Paradise,,https://www.threads.net/@bachelornation
Bachelor in Paradise,,https://www.tiktok.com/@bachelornation
Bachelor in Paradise,,https://twitter.com/BachNation
Bachelor in Paradise,,https://www.youtube.com/BachelorNation
Bachelor in Paradise,News,https://bachelornation.com/news/
Bachelor in Paradise,Bachelor Insider,https://bachelornation.com/bachelor-insider/
Bachelor in Paradise,Cocktail Party,https://bachelornation.com/cocktail-party/
Bachelor in Paradise,Hometowns,https://bachelornation.com/hometowns/
Bachelor in Paradise,Pillow Talk,https://bachelornation.com/pillow-talk/
Bachelor in Paradise,Rose Ceremony Ready,https://bachelornation.com/rose-ceremony-ready/
Bachelor in Paradise,Shows,https://bachelornation.com/shows/
Bachelor in Paradise,The Bachelor,https://bachelornation.com/shows/the-bachelor/
Bachelor in Paradise,The Bachelorette,https://bachelornation.com/shows/the-bachelorette/
Bachelor in Paradise,Bachelor in Paradise,https://bachelornation.com/shows/bachelor-in-paradise/
Bachelor in Paradise,The Golden Bachelor,https://bachelornation.com/shows/the-golden-bachelor/season-1/
Bachelor in Paradise,The Golden Bachelorette,https://bachelornation.com/shows/the-golden-bachelorette/season-1/
Bachelor in Paradise,Bachelor Pad,https://bachelornation.com/shows/bachelor-pad/
Bachelor in Paradise,The Bachelor Listen to Your Heart,https://bachelornation.com/shows/the-bachelor-listen-to-your-heart/season-1/
Bachelor in Paradise,The Bachelor Winter Games,https://bachelornation.com/shows/the-bachelor-winter-games/season-1/
Bachelor in Paradise,Photos,https://bachelornation.com/photos/
Bachelor in Paradise,Videos,https://bachelornation.com/videos/
Bachelor in Paradise,Podcasts,/podcasts/
Bachelor in Paradise,Bachelor Happy Hour,/pages/bachelorhappyhour/
Bachelor in Paradise,Golden Hour,/pages/bachelor-happy-hours-golden-hour/
Bachelor in Paradise,Travel,/travel/
Bachelor in Paradise,Audience,/audience/
Bachelor in Paradise,Casting,/apply/
Bachelor in Paradise,The Bachelor,/bachelorcasting/
Bachelor in Paradise,The Golden Bachelor,/goldenbachelorcasting/
Bachelor in Paradise,Season 1,https://bachelornation.com/shows/bachelor-in-paradise/season-1/
Bachelor in Paradise,Season 2,https://bachelornation.com/shows/bachelor-in-paradise/season-2/
Bachelor in Paradise,Season 3,https://bachelornation.com/shows/bachelor-in-paradise/season-3/
Bachelor in Paradise,Season 4,https://bachelornation.com/shows/bachelor-in-paradise/season-4/
Bachelor in Paradise,Season 5,https://bachelornation.com/shows/bachelor-in-paradise/season-5/
Bachelor in Paradise,Season 6,https://bachelornation.com/shows/bachelor-in-paradise/season-6/
Bachelor in Paradise,Season 7,https://bachelornation.com/shows/bachelor-in-paradise/season-7/
Bachelor in Paradise,Season 8,https://bachelornation.com/shows/bachelor-in-paradise/season-8/
Bachelor in Paradise,Season 9,https://bachelornation.com/shows/bachelor-in-paradise/season-9/
Bachelor in Paradise,Home,https://bachelornation.com/
Bachelor in Paradise,News,https://bachelornation.com/news/
Bachelor in Paradise,Photos,https://bachelornation.com/photos/
Bachelor in Paradise,Videos,https://bachelornation.com/videos/
Bachelor in Paradise,Travel,/travel/
Bachelor in Paradise,Newsletter,/newsletter/
Bachelor in Paradise,Casting,/apply/
Bachelor in Paradise,Facebook,https://www.facebook.com/BachelorNation
Bachelor in Paradise,Instagram,https://www.instagram.com/BachelorNation
Bachelor in Paradise,Spotify,https://open.spotify.com/user/picvtjxtbr4oryw14ztq3a2ez
Bachelor in Paradise,Threads,https://www.threads.net/@bachelornation
Bachelor in Paradise,TikTok,https://www.tiktok.com/@bachelornation
Bachelor in Paradise,Twitter,https://twitter.com/BachNation
Bachelor in Paradise,YouTube,https://www.youtube.com/BachelorNation
Bachelor in Paradise,Sign Up,/newsletter/
Bachelor in Paradise,Contact Us,mailto:contact@bachelornation.com
Bachelor in Paradise,Privacy Policy,https://www.wbdprivacy.com/policycenter/b2c
Bachelor in Paradise,Terms of Use,https://policies.warnerbros.com/terms/en-us/
Bachelor in Paradise,Ad Choices,https://www.wbdprivacy.com/policycenter/b2c
Bachelor in Paradise,Advertise with Us,https://bachelornation.com/pages/advertise-with-us/
